genetic_element,locus_tag,ref_aa,alt_aa,impact
ERG11,CJI96_0001197,43L,43H,fluconazole; increase unknown
ERG11,CJI96_0001197,125V,125A,fluconazole 8–16-fold MIC increase in combination with F126L
ERG11,CJI96_0001197,126F,126L,fluconazole 8–16-fold MIC increase in combination with V125A
ERG11,CJI96_0001197,132Y,132F,fluconazole 8–16-fold MIC increase
ERG11,CJI96_0001197,143K,143R,fluconazole 8–16-fold MIC increase
ERG11,CJI96_0001197,357Q,357K,fluconazole; increase unknown
ERG11,CJI96_0001197,444F,444L,fluconazole fourfold MIC increase
ERG11,CJI96_0001197,459G,459S,fluconazole; increase unknown
ERG11,CJI96_0001197,466I,466M,fluconazole; increase unknown
ERG11,CJI96_0001197,501Y,501H,fluconazole; increase unknown
TAC1B,CJI96_0004335,640A,640V,fluconazole 16-fold MIC increase
TAC1B,CJI96_0004335,657A,657V,fluconazole; increase unknown
TAC1B,CJI96_0004335,15A,15T,fluconazole; increase unknown
TAC1B,CJI96_0004335,192S,192N,fluconazole; increase unknown
TAC1B,CJI96_0004335,195S,195C,fluconazole; increase unknown
TAC1B,CJI96_0004335,214F,214S,fluconazole; increase unknown
TAC1B,CJI96_0004335,247K,247E,fluconazole; increase unknown
TAC1B,CJI96_0004335,495R,495G,fluconazole; increase unknown
TAC1B,CJI96_0004335,583A,583S,fluconazole; increase unknown
TAC1B,CJI96_0004335,595P,595L,fluconazole; increase unknown
TAC1B,CJI96_0004335,595P,595H,fluconazole; increase unknown
TAC1B,CJI96_0004335,611S,611P,fluconazole fourfold MIC increase
TAC1B,CJI96_0004335,651A,651T,fluconazole; increase unknown
TAC1B,CJI96_0004335,653M,653V,fluconazole; increase unknown
MRR1A,CJI96_0002418,647N,647T,fluconazole fourfold MIC increase; not present in ref